-hou	1
.htaccess	3
16-cell	2
2007 Universal Forum of Cultures	12
20th century in literature	9
3D projection	2
4-H	12
4D	2
A Sound of Thunder	1
APEX flight academy	5
ARP Spoofing	3
ARPANET	3
Aarti	9
Abduction	11
Abnormal psychology	0
Aboriginal title	11
Abstract photography	9
Abstraction (art)	9
Academic art	9
Académie internationale Mohammed VI de l'aviation civile	5
Accent	1
Accounting software	8
Acoustic music	1
Acquittal	11
Acronis	3
Acronis True Image	3
Act of Parliament	11
Active Worlds	3
Adaptation	10
Adaptive unconscious	0
Addiction	0
Additive	4
Adjacent	2
Administrative law	11
Administrator	8
Adobe Flash	3
Advanced Encryption Standard	7
Adversarial system	11
Advice (constitutional)	11
Adware	3
AeronautX Luftfahrtschule	5
Aeronautics	5
Aeroscopia	5
Affine symmetric group	2
African art	9
Age of consent	11
Agricultural fencing	13
Agronomy	13
Aiding and abetting	11
Air France Flight 358	5
Air navigation	5
Air show	5
Air-ground radiotelephone service	5
Airbus Training Centre Europe	5
Airfoil	5
Ajax (programming)	3
Alberto Moioli	9
Alexander Mosaic	9
Alice and Bob	7
Alimony	11
Aliteracy	0
Alkali	4
All Hail to Massachusetts	12
Alliance for a Green Revolution in Africa	13
Allotropy	4
AlphaBay	12
AlphaGo	3
Altarpiece	9
Alter ego	0
Alternator	6
Altitude	2
Amateur astronomy	2
Amazon Alexa	3
Amazon Fire TV	12
American Institute of Architects	9
American literature	1
Amount of substance	4
Anal retentive	0
Anal stage	0
Analog television	12
Analytic geometry	2
Analytical psychology	0
Anarkali Salwar Suit	14
Ancestry.com	12
Ancient Egyptian agriculture	13
Anecdote	0
Anger management	0
Angle	2
Anglo-Saxon architecture	9
Anhedonia	0
Animal colour	10
Anonymous birth	11
Anonymous work	9
Anoxic event	10
Anthropomorphism	0
Anti-social behaviour order	0
Antiphon (music)	1
Antivirus software	3
AnyTo	3
Apache Subversion	3
Apex predator	10
Aphasia	1
Apostatic selection	10
Appeal	11
Appellate court	11
Applet	3
Application programming interface	3
Applied behavior analysis	0
Aquatic	10
Aqueous solution	4
Aquifer	13
Arabesque	9
Arable land	13
Arbitration	11
Arboreal	10
Arc flash	6
Arc welding	6
Archetype	0
Architecture	9
Architecture of Singapore	9
Arctic National Wildlife Refuge	10
Arctic ecology	10
Arduino	3
Area	2
Arecibo message	12
Art	9
Art exhibition	9
Art history	9
Artificial language	1
Arts and crafts	9
Ashurst LLP	11
Astro (satellite TV)	12
Astro Nusantara	12
Astrobiology	10
Astrometry	2
Astronomical Almanac	2
Astronomical clock	2
Astronomy	2
AtariAge	12
Atlassian	12
Atom (feed)	3
Atomic number	4
Atrium	9
Attack model	7
Attorney general	11
Audiolingual method	1
Audiophile	0
Australian Aboriginal astronomy	9
Autism	0
Autogenic training	0
Automatic behaviour	0
Autopackage	3
Autotransformer	6
Autotroph	10
Availability factor	6
Avalanche effect	7
Avant-garde	9
Aviation	5
Aviation Without Borders	5
Axis of rotation	2
BIOS	3
BOINC	3
Background music	1
Backmasking	1
Bailout	8
Bandwidth (signal processing)	3
Bangladeshi passport	11
Banyan	10
Barycenter	2
Base (chemistry)	4
Base (geometry)	2
Basic needs	0
Basso continuo	1
Batik	14
Battery (crime)	6
Battery charger	6
Bauhaus	9
Beauty	0
Behaviorism	0
Behaviour	0
Beta particle	4
Bias	0
Bibliography	9
Biggles	12
Bill (proposed law)	11
Binary solution	4
Bioaccumulation	10
Biocenosis	10
Biological control	10
Biomass	10
Biophysical chemistry	4
Biosphere	10
Biosphere reserve	10
Bioturbation	10
BitTorrent	3
Black and white	12
Black bloc	14
Black start	6
Blank slate	9
Bletchley Park	7
Blindfold	14
Block (Internet)	3
Block cipher	7
Blog	3
Blogcritics	12
Bloomberg L.P.	12
Blowfish (cipher)	7
Body armour	14
Body positivity	9
Bollywood Hungama	12
Bolometric magnitude	2
Bond (finance)	8
Bond market	8
Book frontispiece	9
Bookkeeping	8
Boot loader	3
Booting	3
Bot	3
Botany	13
Brackish water	10
Brief (law)	11
Broca's area	1
Brownout (electricity)	6
Browser	3
Browser game	3
Brute force attack	7
Buffalo buffalo Buffalo buffalo buffalo buffalo Buffalo buffalo	1
Bugzilla	3
Building design	9
Building model	9
Bullying	0
Burning Man	10
Busbar	6
Bushfire	10
Byzantine art	9
CAE Global Academy	5
CAE Oxford Aviation Academy Douala	5
CCTV New Year's Gala	12
CLS Group	8
CVC Capital Partners	8
Cable internet	12
Cable modem	3
Cable tray	6
Caesar cipher	7
Calabi-Yau manifold	2
Calendar (tool)	3
Calmerry Platform	12
Camouflage	14
Capacitance	6
Cape	14
Captivity narrative	9
Caracol Televisión	12
Caracol, Nord-Est	12
Carbocation	4
Carbon footprint	10
Cardigan (sweater)	14
Caricature	9
Carrot and Stick	0
Carrying capacity	10
Cartoon series	12
Case citation	11
Case law	11
Catalan solid	2
Catalogue of the Archbishops of Gniezno	1
Catenary	2
Catharsis	9
Cathode ray	6
Catia	3
Catsuit	14
Cause of action	11
Celery	13
Celestia	2
Celestial coordinate system	2
Celestial equator	2
Celestial navigation	2
Celestial sphere	2
Celtic music	1
Cento Pittori via Margutta	9
Central bank	8
Channel drift	12
Chaparral	10
Charter Communications	12
Chatterbot	3
Checking account	8
Cheerleader effect	0
Chehel Sotoun	9
Chemical biology	4
Chemical education	4
Chemical energy	4
Chemical engineering	4
Chemical property	4
Chemical reaction	4
Chemical similarity	4
Chemical species	4
Chemical substance	4
Chemistry	4
Chemoautotroph	10
Chemtrail conspiracy theory	4
Child development	0
Child sexuality	0
China Central Television	12
Chinese architecture	9
Chinese musical system	1
Chinoiserie	9
Chloralkali process	4
Chosen-ciphertext attack	7
Chosen-plaintext attack	7
Chromatophore	10
ChuvashTet	3
Cinquillo	1
Ciphertext	7
Ciphertext-only attack	7
Circumference	2
Citizenship of the European Union	11
Civil Aviation University of China	5
Civil law (common law)	11
Clairvoyance	0
Clandestine chemistry	4
Classical architecture	9
Classical conditioning	0
Classless Inter-Domain Routing	3
Cleaner fish	10
Clearing bank	8
Cleartext	7
Cleavage	14
Client	3
Climax community	10
Clinical psychology	0
Cloak	14
Close-up	9
Clothes dryer	14
Clothing	14
Cloud computing	3
Coat	14
Cocktail party effect	0
Code	7
Code talker	1
Code-switching	1
Cogeneration	6
Cognition	0
Cognitive bias	0
Cognitive dissonance	0
Cognitive distortions	0
Cognitive neuropsychology	0
Cognitive-behavioral therapy	0
Collar	14
Collective unconscious	0
Collimated light	2
Colloquialism	1
Color television	12
Comcast	12
Comic strip	9
Comics	1
Commentary	1
Commercial aviation	5
Commitment scheme	8
Common Language Specification	1
Common land	13
Common scold	11
Communication Theory of Secrecy Systems	7
Community (ecology)	10
Community Identification Number	11
Companhia de Electricidade de Macau	6
Companion planting	13
Compensation (psychology)	0
Competition (biology)	10
Compiler	1
Complaint	11
Composers Union of Azerbaijan	9
Composition (visual arts)	9
Compost	13
Computer Algebra System	3
Computer law	3
Computer program	3
Concentric	2
Concept	1
Concurring opinion	11
Conducting	1
Conflict of interest	8
Confusion and diffusion	7
Congruence	2
Conservation (art)	10
Consonant mutation	1
Consortium	8
Conspiracy (criminal)	11
Constitutional economics	11
Constitutional law	11
Constructivism	9
Consumer price index	8
Consumer protection	11
Consummation of marriage	11
Contactor	6
Contemporary architecture	9
Contempt of court	11
Content Scramble System	7
Contract	11
Contrail	4
Contribution claim	11
Controlled burn	0
Convex set	2
Copaganda	11
Corbel	1
Corium	4
Coronagraph	2
Corporal punishment	11
Cortana	12
Costume	14
Coulomb's law	6
Counselor	0
Counterpoint	1
Country code	12
Court order	11
Crackme	7
Crayola	12
Crayon	9
Creating	9
Creative writing	9
Credit Suisse	8
Credo Reference	12
Creepypasta	0
Crew	5
Criminal law	11
Criminal procedure	11
Crop	13
Crop protection	13
Crop rotation	13
Cross section (geometry)	2
Cross-platform	3
CrossOver	3
Cryovolcano	4
Crypsis	10
Cryptographic hash function	7
Cryptographic protocol	7
Cryptography	7
Cryptosystem	7
Crystal	4
Crystallography	2
Cuban art	9
Cuffs	14
Cultured meat	13
Curfew	11
Current transformer	6
Cursor	3
Curve	2
Cutaway	3
Cyberstalking	3
Cypher	7
D-Back	3
DES-X	7
DMOZ	3
DStv	12
Dadeumi	14
Damages	11
Dansbandskampen	12
Dark web	3
Dark-sky preserve	10
Data Base Task Group	3
Data Encryption Standard	7
Dave (TV)	12
Daxx	12
De minimis	11
Death grunt	1
Debugging	3
Decadence	0
Decision-making	0
Declension	1
Declination	2
Decode Entertainment	12
Deconstruction	0
Decriminalization	11
Dedication	9
Deep Web	3
Defence against herbivory	10
Defence against predators	10
Defense (legal)	11
Deficit spending	8
Degenerate art	9
Demersal	10
Demo (software)	3
Denial	0
Denuvo	3
Deportation	11
Depression (mood)	0
Derealization	0
Derivative (finance)	8
Derogation	11
Desert ecology	10
Desiccation	4
Desktop environment	3
Deterrence (legal)	11
Dharmaśāstra	1
Diagonal	2
Dial-up	3
Dialect	1
Dialect continuum	1
Diameter	2
Diaper	14
Dick Figures	12
Dictionary attack	7
Diesel generator	6
Differential cryptanalysis	7
Differential geometry	2
Diffie-Hellman key exchange	7
DigiCel FlipBook	3
Digital Economy Act 2010	12
Digital Millennium Copyright Act	3
Digital signature	7
Digital television	12
Digital television transition	12
Diglossia	1
Dilation (geometry)	2
Dimension	2
Diphthong	1
Diptych	9
DirecTV	12
Direct current	6
Disconnecting switch	6
Discord (software)	3
Disk partition	3
Displacement (psychology)	0
Displacement vector	2
Disposable and discretionary income	8
Dissenting opinion	11
Dissociation (psychology)	0
Dissociative identity disorder	0
Distributed generation	6
Distributed revision control	3
Distribution board	6
Document Object Model	3
Documenta	9
Domain Name System	3
Domain hack	3
Domestic partnership	11
Domestication	13
Dominance (ethology)	10
Door god	9
Double helix	2
Dow Chemical	4
Download	3
Drainage	13
Drawing	9
Dream	0
Dream Market	12
Dress clothes	14
Dress code	14
Driver's license	11
Drum and bugle corps	1
Drumhead court-martial	11
Dry cleaning	14
Due process	11
Duel	11
Duet	1
Duty to rescue	11
Duverger's law	11
Dynamic-link library	3
E. B. Ford	10
EFF DES cracker	7
ELIZA	0
ESTREAM	7
EasyBCD	3
Eating disorder	0
Ecclesiastical court	11
Ecohydrology	10
Ecological economics	10
Ecological genetics	10
Ecological niche	10
Ecological succession	10
Ecological yield	10
Ecology	10
Ecosystem services	10
Eddy current	6
Edge effect	6
Edge effects (ecology)	10
Education Loan Finance	8
Ego depletion	0
Egocentrism	0
Elder abuse	0
Electric arc	6
Electric charge	6
Electric current	6
Electric match	6
Electric potential	6
Electric power	6
Electric power distribution	6
Electric power transmission	6
Electric switchboard	6
Electrical cell	6
Electrical circuit	6
Electrical conductivity	6
Electrical enclosure	6
Electrical energy	6
Electrical engineering	6
Electrical filament	6
Electrical generator	6
Electrical grid	6
Electrical impedance	6
Electrical machine	6
Electrical resistance	6
Electrical substation	6
Electricity	6
Electricity meter	6
Electrocution	6
Electrocyclic reaction	4
Electrode	6
Electroluminescence	6
Electrolysis of water	6
Electrolyte	6
Electron affinity	4
Electron configuration	4
Electron crystallography	4
Electronic signature	11
Electronic system	6
Electrostatics	6
Elliptic curve	2
Elu (Portuguese pronoun)	1
Embodiment theory	0
Emotional intelligence	0
Empathy	0
Empty Homes Tax	12
Emulator	3
Enciclopedia d'arte italiana	9
Encryption	7
Endangered language	1
English law	11
Enigma machine	7
Ensemble	1
Enterprise Java Beans	3
Entrapment	11
Entten tentten teelikamentten	1
Environmental chemistry	4
Environmental impact of aviation	5
Environmental revitalization	10
Epic of Gilgamesh	9
Episode	12
Equal justice under law	11
Equality (mathematics)	2
Erikson's stages of psychosocial development	0
Estate (law)	11
Ethereum	8
Etymology	1
Euclidean distance	2
Euclidean geometry	2
Euclidean space	2
Euthanasia Coaster	0
Evapotranspiration	10
Event-driven programming	3
Everyday (video)	12
Everything as a service	3
Evidence	11
Ex post facto law	11
Exact (company)	12
Excitation (magnetic)	6
Executive order	11
Exede	12
Exor	12
Extinction (astronomy)	2
Extortion	11
Extragalactic astronomy	2
Extrajudicial killing	11
Extranet	3
Extraterrestrial sky	2
Eye Movement Desensitization and Reprocessing	0
FATCA agreement between Canada and the United States	11
FTP	3
Factoring (finance)	8
Fallingwater	9
False confession	11
False consensus	0
Famine	13
Faraday cage	6
Faraday's laws of electrolysis	6
Farming	13
Fauna	10
FeedDemon	12
Feeling Good: The New Mood Therapy	0
Feistel cipher	7
Fernsehturm	12
Ferroelectricity	6
Fertilizer	13
Figure of speech	1
File extension	3
File hosting service	3
File sharing	3
FileZilla	3
Filter (internet)	3
Filter feeder	10
Final Cut Pro X	3
Finance	8
Financial District	8
Financial Services Authority	8
Financial Stability Board	8
Financial capital	8
Financial market	8
Financial regulation	8
Financial technology	8
Firewall (networking)	3
First language	1
Fixppo	3
Flame test	4
Flash point	4
Flashback	0
Flatland	2
Flexagon	2
Flight number	5
Flight recorder	5
Floor plan	2
Flora	10
Flotation	4
Flow (psychology)	0
Fluoridation	4
Flyby (spaceflight)	5
Flying Spaghetti Monster	9
Flyover	5
Folder (computing)	3
Folio	2
Folk punk	1
Fomalhaut b	2
Food chain	10
Food coloring	4
Food web	10
Foreshadowing	0
Forgetting curve	0
Fork (software development)	3
Form	2
Foster care	11
Four temperaments	0
Fractional distillation	4
Fractionating column	4
Free and open-source software	3
Free radical	4
Free software movement	3
FreeOTFE	7
Freeware	3
French touch	9
Freud's psychoanalytic theories	0
FrostWire	3
Frustration	0
Fundamental attribution error	0
Fundraising	8
Furry	0
Futures contract	8
GParted	3
Gaia hypothesis	10
Galactic halo	2
Galactic quadrant	2
Galvanometer	6
Game engine	3
Gargoyle	9
Garlic production in China	12
Garnishment	11
Gaslighting	0
Gaston Bussière (painter)	9
Gel electrophoresis	6
Gender dysphoria	0
General American	1
General Data Protection Regulation	12
Genetically modified food	13
Geo (microformat)	2
Geocentrism	2
Geodesic	2
Geoglyph	2
Geometry	2
German automobile number plates	12
Gesamtkunstwerk	9
Gestalt therapy	0
Ghana National Farmers' Day	13
Ghillie suit	14
Gibberish	1
Girth	2
Glide (API)	3
Glyphosate	13
Godwin's law	11
Going Solo	5
Golden Eagle Award	12
Google Drive	3
Google I/O	3
Google Maps (application)	3
Gopher (protocol)	3
Gowling WLG	8
Grain elevator	13
Gramme machine	6
Grand jury	11
Graphical projection	2
Graveyard slot	12
Great Lakes	10
Green manure	13
Green roof	13
Greenhouse effect	10
Grime (music)	12
Gross indecency	11
Guilded	12
Guilt (law)	11
H.264/MPEG-4 AVC	3
HCard	3
HM Treasury	8
HTML	3
HTTP 404	3
HTTP cookie	3
Habeas corpus	11
Halakha	11
Half-space (geometry)	2
Hall church	9
Hallucination	0
Haltlose personality disorder	0
Ham sandwich theorem	2
Hanging Houses of Cuenca	9
Hardiness zone	10
Harlem Renaissance	9
Harm	0
Harmonia Macrocosmica	2
Harvest	13
Hay	13
Hazard	0
Heat lightning	6
Heavy metals	4
Hedge	13
Hedge fund	8
Hellenistic art	9
Hello world program	3
Herbicide	13
Herbivore	10
Herding	13
Heterotroph	10
Hex editor	3
Hick's law	0
High-definition video	12
High-voltage direct current	6
HighBeam Research	12
Highly sensitive person	0
Hijan Hirao	9
Hinglish	1
Historical novel	9
Hiyang Hiren	9
Hiʻiaka (moon)	2
Holding company	8
Home directory	3
Homograph	1
Homophone	1
Hong Kong national security law	11
Hook (music)	1
Horizontal	2
Horror story	0
Horticulture	13
Hostname	3
Hotspot (computers)	3
Hotsuit	14
Hubble Extreme Deep Field	2
Human nature	0
Human powered aircraft	5
Humus	13
Hydration	4
Hydrogen economy	8
Hydrogenation	4
Hydrolysis	4
Hydron	4
Hydrophobe	4
Hydroponics	13
Hydroxide	4
Hyperbolic geometry	2
Hyperplane	2
Hypertext Transfer Protocol	3
Hypervisor	3
Hypnosis	0
Hypostatic model of personality	0
Hypostyle	9
Hypotenuse	2
IC50	4
ICANN	12
IEC 61850	6
INTLAB	3
IP address	3
IPsec	7
IRC bot	3
IZarc	3
Icon	9
Id, ego, and super-ego	0
Ideal gas	4
Idiot	0
Illegal logging	11
Imagination	0
Imagine (3D modeling software)	3
Immovable property	11
Impartiality	11
Impossible object	2
Imposter syndrome	0
Impresario	9
Impressionist music	9
Improper rotation	2
Impurity	4
Incest	11
Independent Power Producer	6
Indian Act	11
Indian Penal Code	11
Indian passport	11
Individual retirement account	8
Industrial relations	8
Inflection point	2
Infobot	3
Information leakage	7
Infrared	3
Infrastructure	13
Initial public offering	8
Injunction	11
Inorganic chemistry	4
Insanity defense	11
Insecticide	10
Insider trading	8
Instaknow Software	3
Installation (computer programs)	3
Instinct	0
Instrumental	1
Insulator (electricity)	6
Integrated development environment	3
Integrated pest management	13
Intellectual disability	0
Intensive farming	13
Intercropping	13
Interest rate	8
Interlanguage fossilization	1
Interlinear text	1
Intermolecular force	4
International Air Transport Association	5
International Art Society & Academy	9
International Association of Aviation Personnel Schools	5
International Auxiliary Language Association	1
International Bank Account Number	8
International Clarinet Association	12
International Data Encryption Algorithm	7
International Fertilizer Development Center	13
International Food Policy Research Institute	13
International Music Score Library Project	12
International Union of Architects	9
International Union of Pure and Applied Chemistry	4
Internet	3
Internet Key Exchange	7
Internet Movie Database	12
Internet leak	3
Internet safety	3
Interplanetary internet	3
Interpreter (computing)	1
Interstellar medium	4
Interstellar travel	6
Intolerable Acts	11
Intranet	3
Introversion and extraversion	0
Invasive species	10
Inverter	6
Investment	8
Invitee	11
Iodine test	4
Ion	6
Ion exchange chromatography	4
Ionic compound	4
Ionization energy	4
Irrigation	13
Islamic geometric patterns	9
Islamophobia	0
Isolation for the purpose of abuse	0
Isomerization	4
Isometry	2
Israel Broadcasting Authority	12
Italian car number plates	12
Iwan	9
Izmailovo Kremlin	9
Jacques Necker	8
James Lovelock	10
Jane's Walk	9
JavaScript	3
Jet fuel	5
Jiizas: di Buk We Luuk Rait bout Im	1
Job Control Language	3
Job satisfaction	0
John Doe	11
Johnny Castaway	12
Joule's laws	11
Judgment	11
Judgment (law)	11
Judicial activism	11
Judicial opinion	11
Judicial review	11
Judiciary	11
Jure uxoris	9
Jurisdiction	11
Jurisprudence	11
Justice	11
Justice of the peace	11
Kabulig Bikol	1
Kepler's Laws	2
Kerberos (protocol)	7
Kerckhoffs's principle	11
Key (cryptography)	7
Key derivation function	7
Key distribution center	7
Key exchange	7
Key generation	7
Key schedule	7
Key size	7
Key space	7
Key whitening	7
Key-agreement protocol	7
Keystone species	10
Keystream	7
Khamba Thoibi	9
Khongjomnubi Nongarol	9
Kibbutz	13
Kilt	14
Kirchhoff's circuit laws	6
Klein bottle	2
Kleksography	9
Knowledge Graph	3
Knowledge of results	0
Known-plaintext attack	7
Kohlberg Kravis Roberts	8
Konthoujam Nongarol	9
Kyivan Rus Park	12
Kübler-Ross model	0
LA Law Library	11
LEED	6
LOT Polish Airlines Flight 16	5
La vida de Lazarillo de Tormes	9
Laboratory techniques	4
Laienspiegel	11
Landing zone	5
Landscape	13
Landscape architecture	13
Landscape urbanism	9
Language	1
Language attrition	1
Language border	1
Language death	1
Language revival	1
Language transfer	1
Languages of Russia	1
Lanyard	14
Late night television	12
Latex clothing	14
Laundry	14
Law	11
Law firm	11
Law of Azerbaijan	11
Law of the Minimum	11
Law of the land	11
Law review	11
Law school	11
Lawsuit	11
Le Chatelier's principle	4
Learner's permit	11
Learning by teaching	0
Least concern	10
Lect	1
Leet	1
Legacy	9
Legal burden of proof	11
Legal case	11
Legal clinic	11
Legal code	11
Legal entity	11
Legal liability	11
Legal opinion	11
Legal precedent	11
Legal proceeding	11
Legal process	11
Legislation	11
Legitimacy	11
Leima Jagoi	9
Leotard	14
Lessepsian migration	10
Letters patent	11
Lewis acid	4
Lexeme	1
Leyden jar	6
Libido	0
License	11
Lien	8
Lift (force)	5
Light curve	2
Lightning rod	6
Lightning strike	6
Lime kiln	4
LimeWire	3
Line	2
Line segment	2
Linear cryptanalysis	7
Lineman (technician)	6
Lionel Guérin	5
Lipid	4
List of BitTorrent clients	3
List of best-selling singles	12
List of national airlines	5
List of number-one singles of 2021 (Finland)	12
Literary term	1
Literature	9
Loanword	1
LockWiper	7
Lockman Hole	2
Locus (mathematics)	2
Loebner prize	12
Lorenz cipher	7
Loudness war	12
Low voltage ride through	6
Luftfahrtgesellschaft Walter	5
Luminous intensity	2
Lunatic	0
Lungi	14
Luthier	1
Lycos	12
MQV	7
MU*	3
MacGuffin (cipher)	7
Machine translation	1
Magical thinking	0
Magna Carta	11
Magnetic reluctance	6
Magnitude (astronomy)	2
Magnum opus	9
Magua (clothing)	14
Maibi Jagoi	9
Maillard reaction	4
Malayo-Polynesian languages	1
Management buyout	8
Mannerism	9
Manure	13
Maple (CAS)	3
Maps.me	3
Marathon Media Group	12
Marine reserve	10
Marker	1
Market town	8
Mask	14
Maslow's hierarchy of needs	0
Mass hysteria	0
Mass number	4
Mastic	1
Maxi single	12
Maya calendar	9
Mazaron ke phool	9
Medal of Aeronautics	5
Media player	3
Mediacom	12
Medical cannabis	0
Medusa with the Head of Perseus	9
Meessen De Clercq	9
Meet-in-the-middle attack	7
Meitei architecture	9
Memorandum opinion	11
Memorial	9
Memory leak	3
Memrise	3
Merchet	11
Messerschmitt	5
Metallurgy	4
Metonic cycle	2
Metromedia Square	12
Metronome	1
Mexicanal	12
Micro-Hydropower	6
Microatoll	10
Microbial mat	10
Microblog	3
Microcredit	8
Microfinance	8
Microformat	3
Milgram experiment	0
Military camouflage	14
Milk Marketing Board	12
Mimicry	10
Mind	0
Mind control	0
Mindset	0
Mini-skirt	14
Minor (law)	11
Minute	2
Mitigating circumstances	11
Mixotroph	10
Mobile app	3
Mod Archive	3
Model (person)	9
Modern language	1
Modernism	9
Modernist literature	9
Modesty	14
Moirang Sai	9
Mole (unit)	4
Monoculture	13
Monologue	1
Monophthong	1
Monte dei Paschi di Siena	12
Moon landing	5
Morality	0
Morgan Stanley Wealth Management	8
Moroccan architecture	9
Mosaic	9
Motif	9
Motivation	0
Motor soft starter	6
Motor–generator	6
Mozilla Thunderbird	3
Muff	14
Multialphabetism	1
Music of Africa	9
Music session	1
Music stand	1
Musicology	9
Mutual fund	8
Mutual intelligibility	1
My Computer	3
My Grandfather's Clock	1
Myco-heterotrophy	10
Myers-Briggs Type Indicator	0
Möbius strip	2
N (Poland)	12
NATO phonetic alphabet	1
NBC Studios (New York City)	12
NTFS	3
Nadir	2
Naked eye	2
Name tag	14
Naming rights	8
Napoleonic Code	11
Narcissism	0
Narcissistic parent	0
National Association of Broadcasters	12
National Building Museum	9
National Center for Missing & Exploited Children	12
National memorial	9
Native (ecology)	10
Native speaker	1
Natural capital	10
Natural language	1
Natural person	11
Naturalism (literature)	9
Nature's services	10
Naval Aviation	5
Need	0
Needham-Schroeder protocol	3
Negligence	11
Neilsen rating	12
Neoclassicism music	9
Neologism	1
Neopronoun	1
Nernst equation	6
Net Nanny	3
Net neutrality	3
NetBackup	3
Network Functions Virtualization	3
Network address translation	3
Neusis construction	2
Next of kin	11
Nightmare	0
Nitrogen cycle	10
Nitrogen fixation	10
Nmap	3
No man's land	13
Noble gas compound	4
Noli me tangere	1
Non-Euclidean geometry	2
Non-fungible token	12
Non-renewable resource	10
Normal (geometry)	2
Norton AntiVirus	3
Not proven	11
Notary	11
Notes from the psychoanalysis of Knut Hamsun	0
Novella	1
Nuclear chemistry	4
Nuremberg principles	11
Nursery (horticulture)	13
Nutrient	10
OEM	3
Obfuscation	1
Objectification	9
Obstruction of justice	11
Octane rating	4
Octet rule	4
Octopus card	12
Odor	4
Offshore investment	8
Ohka	5
Ohm's law	6
One-line diagram	6
One-time pad	7
One-way function	7
Oneirology	0
Online and offline	3
Online shopping	3
Open content	3
Open source	3
OpenNIC	3
OpenVPN	7
Operant conditioning	0
Operating reserve	6
Operation Yellow Ribbon	5
Optical illusion	0
Options Clearing Corporation	8
Orbital revolution	2
Orchard	13
Organic chemistry	4
Organic farms	13
Organotroph	10
Orientability	2
Origin story	9
Orthographic depth	1
Orthographic projection	2
Orthography	1
Otherkin	0
Outsider art	9
Over-harvesting	10
Overcoat	14
Overfishing	10
Overpopulation	10
Overvoltage	6
Ox Mountain	9
PC bang	3
PH	4
POST (HTTP)	3
PSU Zephyrus	5
Pacific Northwest tree octopus	12
Package management system	3
Padded cell	0
Padding (cryptography)	7
Paddy field	13
Page-turner	1
PageCloud	3
Pairwise comparison	0
Pajamas	14
Pakistani nationality law	11
Pakistani passport	11
Palau Language Commission	1
Palau de les Belles Arts	9
Palm oil	13
Pangram	1
Panthoibi Jagoi	9
Panthoibi Khongul	9
Paparazzi Project	3
Parable	1
Paraffin	4
Parallel (geometry)	2
Parallel postulate	2
Parasomnia	0
Pareidolia	0
Parental advisory	11
Parliamentary procedure	11
Partial discharge	6
Particle	4
Particle size (general)	4
Partition editor	3
Partition table	3
Partnership of a European Group of Aeronautics and Space Universities	5
Party (law)	11
Passion cantata	9
Passive-aggressive behaviour	0
Password	7
Pastel	9
Pasties	14
Pasture	13
Patch	14
Patina	4
Patronage	8
Pattern language	1
Pavillon de l'Arsenal	9
PayPal	8
Payment	8
Peabody Award	12
Peaking power plant	6
Peer pressure	0
Peer-to-peer file sharing	12
Pelagic zone	1
Penjing	9
Pennsylvania Bar Association	11
Penthouse	9
People's Bank (Sri Lanka)	8
Per curiam decision	11
Percent-encoding	3
Perfectionism	0
Perimeter	2
Period (periodic table)	4
Permit	11
Permutation box	7
Persian architecture	9
Perspective (graphical)	2
Persuasion	0
Petition	11
Petrochemical	4
Petroleum product	4
Pharmaceutical chemistry	4
Phase change	4
Phoenician language	1
Phoneme	1
Phonetics	1
Photocatalysis	4
Photochemistry	4
Photodissociation	4
Photoflash capacitor	6
Photometry (astronomy)	2
Photomontage	9
Photosphere	2
Phototroph	10
PhpBB	3
Physical abuse	0
Physical chemistry	4
Physical unclonable function	6
Pi	2
Picture frame	9
Pidgin (software)	3
Pietra dura	9
Piezoelectricity	6
Pillar tomb	9
Pin stripes	14
Pipelight	3
Pixelization	3
Plagiarism	1
Plaintext	7
Plan view	2
Planetary science	2
Planform	2
Planisphere	2
Plankton	10
Plant breeding	13
Plant cutting	13
Plantation	13
Play therapy	0
Pleading	11
Plural ignorance	0
Poet	9
Poincaré conjecture	2
Point (geometry)	2
Point of view (philosophy)	0
Poireiton Khunthok	9
Police	11
Police state	11
Political freedom	11
Pollinator	10
Pollutant	10
Polsat Box	12
Polymorphism	10
Popular science	12
Port forwarding	3
Port scanner	3
Portfolio management	8
Portrait	9
Portuguese alphabet	1
Possession	11
Postmodernism	0
Potato blight	13
Power consumption	6
Power cut	6
Power factor	6
Power station	6
Power supply unit	6
Power system harmonics	6
Power system protection	6
Pre-shared key	7
Precision Approach Path Indicator	2
Predator-prey equations	10
Premium economy	5
Prequel	1
Presentation software	3
Presidential portrait (United States)	9
Presumption of innocence	11
Pretty Good Privacy	7
Preview	3
Primary and secondary legislation	11
Primary production	10
Primatologist	10
Primetime	12
Primogeniture	11
Privacy	11
Private bill	11
Private equity	8
Private network	3
Pro-choice	11
Probate	11
Product (chemistry)	4
Product cipher	7
Profiling	0
Programme music	1
Project Athena	3
Promise	11
Proof-of-work system	8
Propaganda	12
Propeller	5
Property law	11
Property tax	11
Proprietary software	3
Protected area	10
Protecting Children from Internet Pornographers Act	12
Protologism	1
Protonation	4
Protractor	2
Provenance	9
Proverb	11
Proxy server	3
Psyche (psychology)	0
Psychoanalysis	0
Psychological abuse	0
Psychological nativism	0
Psychological test	0
Psychological trauma	0
Psychological warfare	0
Psychology	0
Psychometrics	0
Psychoneuroimmunology	0
Psychopathology	0
Public figure	11
Public interest	8
Public journal	11
Public speaking	1
Public-key cryptography	7
Punitive damages	11
Puppet (software)	3
PyMOL	3
Pygmalion effect	0
Pyrenean Shepherd	1
Pythagorean theorem	2
Qisas	11
Quartet	1
Questia Online Library	12
Qwant	12
R-Drive Image	3
R/K selection theory	10
RAS syndrome	1
RC2	7
RC4	7
RC5	7
RC6	7
RMJM	12
ROT13	7
RPG Maker	3
RPM Package Manager	3
RSA algorithm	7
Rabi crops	13
Racial profiling	11
Radio astronomy	2
Radioisotope thermoelectric generator	6
Radioresistance	4
Radius	2
Ragdoll Productions	12
Random	0
Range (biology)	10
Rangeland	13
Ratification	11
Rave	12
Reactivity (chemistry)	4
Reactivity series	4
Really Simple Syndication	3
Reasonable doubt	11
Rechtsstaat	11
Recloser	6
Recognition	0
Recrystallisation	4
Red mercury	4
Reducing agent	4
Reduction (chemistry)	4
Regional internet registry	12
Regional lockout	3
Registration	11
Regression (psychology)	0
Reincarnation research	0
Relative atomic mass	4
Relaxation	0
Religious law	11
Renaissance art	9
Repeal	11
Repertoire	1
Replacement child	0
Rerun	12
Residue (chemistry)	4
Resilience	0
Revenge porn	12
Reverse DNS lookup	3
Rhetoric	1
Rhizobia	10
Rhythm guitar	1
Rhythm section	1
Riemann sphere	2
Right ascension	2
Right to a fair trial	11
Rijndael key schedule	7
Ripple (payment protocol)	8
Risk and Safety Statements	11
Rival Lovers	0
Rlogin	3
Robe	14
Robinhood (company)	8
Robot lawyer	11
Rock art	9
Rock art of the Iberian Mediterranean Basin	9
Rock flour	13
Rococo	9
Roman law	11
Romanticism	9
Root server	3
Rorschach test	0
Rose garden	13
Rotary evaporator	4
Rotation	2
Rotor (electric)	6
Rotunda (architecture)	9
Round of drinks	8
Roundup (herbicide)	12
Router	3
Royal Astronomical Society	12
Royal Birmingham Society of Artists	9
Royal Thai General System of Transcription	1
Royal charter	11
Rule	11
Rule of law	11
Russian architecture	9
Ryanair Flight 4978	5
SCP Foundation	12
SHA hash functions	7
SOCKS	3
SP-network	7
SSH file transfer protocol	7
Saab	5
Sabena Flight Academy	5
Sacred architecture	9
Sage	0
Sagittarius Window Eclipsing Extrasolar Planet Search	2
Salon (meeting)	9
Salwar kameez	14
Sam Hill (euphemism)	0
Sami literature	1
Samizdat	9
Sanctuary city	11
Sand castle	9
Santos-Dumont 14-bis	5
Sari (clothing)	14
Saturation (chemistry)	4
Saturn Award	9
Scalable Hosting	12
Scale model	2
Scarecrow	13
Schopenhauer Society	9
Sclerophyll	10
Scots law	11
Scriptio continua	1
Sea grass	10
Search engine optimization	3
Second Alcibiades	1
Second language	1
Second moment of area	2
Secret sharing	7
Section sign	2
Secure channel	7
Security interest	8
Selective Service System	11
Selectivity (electronic)	6
Self-denial	0
Self-disorder	0
Self-esteem	0
Self-injury	0
Self-portrait	9
Semantic Web	3
Semi-aquatic	10
Semiotics	1
Semisolid	4
Semivowel	1
Sensation	0
Separately managed account	8
Separation process	4
Seriatim	11
Sericulture	13
Series and parallel circuits	6
Serpent (cipher)	7
Server	3
Server log	3
Sexual abuse	0
Shape of the universe	2
Share (finance)	8
Sharecropping	13
Shared secret	7
Shareholder	8
Shareware	3
Shchusev State Museum of Architecture	9
Sheet music	1
Shifting cultivation	13
Shill	8
Shit happens	0
Short (finance)	8
Short circuit	6
Side	2
Sight	2
Silhouette	9
Silliness	0
Similarity (geometry)	2
Simply connected space	2
Sirach	1
Site of Special Scientific Interest	10
SketchUp	3
Skew lines	2
Skidmore, Owings & Merrill	12
Skin effect	6
Skirt	14
Slash-and-burn	13
Sleepwalking	0
Sleeve	14
Sliding door	3
Smart casual	14
Smart grid	6
Snapchat	3
Social Investment	8
Social cohesion	0
Social contract	11
Social engineering (security)	0
Social isolation	0
Social work	0
Society for Worldwide Interbank Financial Telecommunication	8
Sociocultural theory	0
Sock puppet (internet)	3
Sodomy	11
Soft Metal Music	4
Software	3
Software agent	3
Software as a service	3
Software bug	3
Software development	3
Software piracy	3
Software release life cycle	3
Software testing	3
Soil	10
Soil erosion	13
Solar calendar	2
Solar cell	6
Solar mass	2
Solar radius	2
Solar time	2
Solar year	2
Solicitor general	11
Solid geometry	2
Solid-state chemistry	4
Soliloquy	1
Solo (music)	1
Solubility	4
Solution	4
Solvation	4
Solvent	4
Solvent extraction	4
Song rhythm tracks	1
Sonic boom	5
Sound City Studios	12
Sound check	1
Sound of...	12
Source code	3
South African braille	1
Spache Readability Formula	1
Spanish alphabet	1
Special effect	9
Spectral line	2
Spectrograph	1
Spectrum of a ring	2
Speculation	8
Speculation tax	11
Speech disorder	1
SpeechWeb	3
Speed limit	11
Speed reading	1
Spelling bee	1
Sphere packing	2
Spherical geometry	2
Spoken language	1
Sport psychology	0
Square (cipher)	7
Squaring the circle	2
St. Elmo's fire	6
Stable	13
Stained glass	9
Stall (flight)	8
Standard state	4
Standard temperature and pressure	4
Standardized test	11
Standing (law)	11
Stanford prison experiment	0
Star chart	2
Static electricity	6
Station-to-Station protocol	7
Stator	6
Statute	11
Statute of Kilkenny	11
Statute of limitations	11
Statutory rape	11
Steam (service)	3
Stele	9
Stellar (payment protocol)	8
Stereoisomerism	4
Steven Universe	12
Stick figure	9
Stile	13
Still life	9
Stimulant	0
Stimulus (psychology)	0
Stoa	9
Stock	8
Stockholm syndrome	0
Stocking	14
Stoichiometry	4
Stone slab	9
Stonemasonry	9
Strap	14
Stream cipher	7
Stream of consciousness	0
Stream of consciousness writing	0
Streaming media	3
Street art	9
Strelka Institute for Media, Architecture and Design	9
Strict construction	11
Strict scrutiny	11
Structural isomer	4
Structure	2
Structured settlement	8
Strč prst skrz krk	1
Student debt	8
Studio	9
Studio 8H	12
StyleTap	3
Subdomain	3
Sublimation	4
Subliminal stimuli	0
Subsidiarity	11
Subsistence farming	13
Subsolar point	2
Substitution box	7
Substitution cipher	7
Substitution-permutation network	7
Suda	9
Sui iuris	11
Suicide	0
Sulfite	4
Sulphate	4
Sulphide	4
Superbase	4
Superiority bias	0
Superman suit	14
Supersaturation	4
Supervillain	0
Supramolecular chemistry	4
Suprematism	9
Surcoat	14
Surface area to volume ratio	2
Surface runoff	13
Surfactant	4
Surrogacy	11
Surveying	2
Suspect	11
Suspension (chemistry)	4
Suspension of disbelief	0
Sutton Hoo	9
Sweatshop	14
Switchgear	6
Symmetric-key algorithm	7
Symmetry	2
Synaptic Package Manager	3
Syncopation	1
Syndicated	12
Syngas	4
Syntax highlighting	1
System of Rice Intensification	13
System requirements	3
TD Ameritrade	8
TV Guide (magazine)	12
Tailor	14
Tailstrike	5
Takeoff	5
Talent	9
Tangent (geometry)	2
Tap changer	6
Task manager	3
Tatnet	3
Tax deduction	8
Tax evasion	11
TeamViewer	3
Technical drawing	9
Tel Aviv Bauhaus Center	12
Telegram (software)	3
Television	12
Television City	12
Telnet	3
Temperament	0
Templer architecture	9
Tenant farming	13
Tensor	2
Terrace (agriculture)	13
Terrace farming	13
Test case (law)	11
Testimony	11
Tetraoxygen	4
Text grammar	1
Text to speech	1
Textual criticism	1
Tharon	1
Thatching	13
The Art of Worldly Wisdom: A Pocket Oracle	9
The Assault on Truth: Freud's Suppression of the Seduction Theory	0
The Best of Rock za Hrvatsku	9
The Blank Slate	0
The Freecycle Network	12
The Land of Gorch	12
The Shadows No. 2	12
The Spirit of the Laws	11
The Truman Show delusion	0
The quick brown fox jumps over the lazy dog	1
Theobromine	4
Theorema egregium	2
Theoretical chemistry	4
Theory of multiple intelligences	0
Thermal decomposition	4
Thermite	4
Thesaurus	1
Thougal Jagoi	9
Threat	0
Three-body problem	2
Three-phase electric power	6
Tiffany lamp	9
Tights	14
Tillage	13
Tokusatsu	9
Tomason	9
Tone	1
Topological space	2
Topology	2
Tor (software)	3
Traction motor	6
Trait theory	0
Trance	0
Transformation	2
Transformer	6
Translation	1
Translation (geometry)	2
Translator	1
Transliteration	1
Transmutation	4
Transonic	1
Transport Layer Security	7
Transposition (music)	1
Travel website	3
TraxWeekly	12
Treasury	8
Tree line	10
Trench coat	14
Trial and error	0
Trial in absentia	11
Trialware	3
Triangle center	2
Triclinic	2
Trier of fact	11
Triple DES	7
Triple point	4
Triptych	9
Triskaidekaphobia	0
Trolley problem	0
Trophallaxis	10
Trophic state index	10
Tropical climate	10
True name	1
Truncated differential cryptanalysis	7
Trust law	8
Trusted third party	7
Tuckman's stages of group development	12
Tuition payments	8
Tuning fork	1
Turbojet	5
Tuxedo	14
Twofish	7
Typographical error	1
UBS	8
US Airways Flight 1549	5
Ubuntu Studio	3
Ultra	7
Unicode	1
Uniform Resource Identifier	3
Uniform Resource Locator	3
Uninterruptible power supply	6
Union Carbide	4
Union List of Artist Names	9
Union of Azerbaijani Writers	9
Unit load device	6
United States Statutes at Large	11
Universal indicator	4
Upland and lowland	10
Urchin barren	10
Uses and gratifications theory	0
Utility frequency	6
V-chip	12
VMware ThinApp	3
VSCO	12
VSEPR theory	4
Value judgement	11
Van de Graaff Generator	6
Van der Waals radius	2
Vanishing point	2
Variable-frequency drive	6
Variation	10
Vegetation	10
Vehicle registration plate	11
Vehicle registration plates of Lithuania	12
Verismo	9
Vertex	2
Vertex figure	2
Vest	14
Victim blaming	0
Vigilantism	11
Vijayanagara architecture	9
Villa	9
Villain	0
Vineyard	13
Vintage clothing	14
Virtual community	3
Virtual private network	3
Virtuoso	1
Visual poetry	9
Vitruvian Man	9
Voice of America Persian News Network	12
Voice-over	1
Volatiles	4
Volatility	8
Voltage	6
Voltage regulation	6
Voltage spike	6
Voltammetry	6
Vomitorium	9
Vomitoxin	13
Voting	11
Voxel art	9
Voyeurism	0
Wage theft	11
Waistline (clothing)	14
Waits	1
Wallace Line	10
Warranty	11
Warsaw Convention	11
Water gardens	13
Water turbine	6
Watermelon stereotype	0
Watershed (television)	12
Weak key	7
Weathering	13
Web accessibility	3
Web application	3
Web hosting service	3
Web portal	3
Web resource	3
Web services	3
Webcam	3
Webcast	3
Weber-Fechner law	0
Webmail	3
Webpage	3
Wedding officiant	11
Wellington boot	14
Wernicke's area	1
Wet chemistry	4
WhatsApp	3
White City of Tel Aviv	12
WiFi Map	12
Wide area network	3
Wiki	3
Wild man	9
Wildfire	10
Wildlife	10
Wildlife management	10
Wind chimes	1
Windows Task Manager	3
Wingspan	5
Wireless Application Protocol	3
Wit	1
Witenagemot	1
Word of mouth	1
Word salad	1
WordPress	3
Works of Rambhadracharya	9
World Architecture Festival	9
World IPv6 Day	12
World Wide Web Consortium	12
Write Anywhere File Layout	3
Wrongful death claim	11
X Window System	3
X-Forwarded-For	3
X-ray astronomy	2
X-ray crystallography	4
XSL attack	7
XSP (software)	3
Xerophile	10
Yacouba Sawadogo	13
Year of the Rabbit (TV series)	12
Yellow-dog contract	11
Yemenite architecture	9
Yield	8
Yield (chemistry)	4
Yuzu (emulator)	3
Zaiger's Genetics	12
Zaï	13
Zeeboids	12
Zero tolerance	11
Zero-coupon bond	8
Zero-knowledge proof	7
Zipper	3
Zombie bank	8
ZoneAlarm	3
Zopto	12
Zugangserschwerungsgesetz	12
